mr_dhakarwal|1
nilesh.nx|1
aishxvii|1
sai_akshobhyaa_vrinda|1
rktiwaripatna|1
thearyankr81|1
ndsingh06|1
aditya._.10_|1
champgyangautam|0
shambhavi.singh01|0
__.kalyani.__|0
aakashr_1811|0
somokanti.de|0
sacred_banaras|1
sonalsh250|0
ansh_pasari|0
ramaiah_confessionss|0
mehtadhruv21|0
sar._.thakkk|0
shriiish_tea|0
amisha_kumari20|0
ramaiah_memes_|0
eatndrink.msr|1
svveeresh7162|0
whoarnav|0
pho2.wale|1
abhishekkumar_oo7|0
vinayakk_pooja|1
poojavinayakk|0
notfromcamera|1
ramaiahfactory|1
shopping__floor|1
____chiku02_____|0
ghoshtrinanjana|0
ivaishnavisingh|0
sayadaprajwal|1
jsarthak51|0
its_priyanshuraj|0
manan_bhutya|0
nikunj._.here|0
anish_cyprian|0
surajsingh_0|0
dobbygotsockss|0
adela54656|1
aayush.avinav01|0
lakamojianil|0
stringsmen|1
aditi_h6|0
electronicshop02|1
krishabhindar|0
ideology_corner|1
ram.p_21|1
_theraghuvanshi_|1
bangalore.boi_|1
raja_tiwari_bihar|1
impesa_0|0
lakshmi_h_m_|0
bihar_youth_for_new_bihar_|1
_prerana_m__|0
kaushalkishore16raj|0
sagarmehraaa|0
msrit.confessions23|-1
harshsrivastava_7|0
guru.01_|0
ankitsharma5612|0
rockyksr|0
kunalkishoreraja|1
vedyaaaaa|0
deepayan_choudhary|0
i_m_manishroy|0
yogesh_mahla07|0
_._ayushiiii._._|0
nirbhaysamrat|0
nilay___01|0
ajeeb_0_areeb|0
rithikprasad20|0
deepthi_781|0
_sunday_ko_aana_|1
tirtho_o|0
shantanu.1721|0
pavitra.__|0
manasa___ramesh|0
bhuvana.guna.manjunath|0
arsh_ishan|0
sahil_flash|0
_shrutiraju_|0
bhandhavyar|0
roxstiyar|0
icy7733|0
impesa_17|0
ambika_pandit_|0
mohakkkk._|0
anir4dh_|0
jayesh_goyal03|1
1ranveer_2|0
vedantshxrma|0
junaid.nihal|0
aksh1t|0
bxpxn_|0
sunny_26.11|0
the_._legend__|0
sagnik_singha_roy|1
a.d_ambasta|0
ssharma.08|0
sahiljain56|0
chinmayi._gowda|0
_bhavana_b_rao_|0
aashutoshswami|0
harsha._.hvg7|0
juzz_kr|0
sri_ani_2001|0
g__chirag|0
gaurav_sood_|0
hail_bahafi|1
happyyfeet._|1
gun_mittal|0
prayushi.doshi|0
kavya.madhusudan|0
_.rohit.mg._|0
ravicii_|0
unnithanashwin|0
___drizzzle___|0
_nikitarameshh|0
linn._.lan|0
dev.tharad|1
djay_wale_babu|1
chiragbadgal|0
shefali_singh001|0
keshav2882|1
mohitxious|0
_pankhuree|0
bs_anisha|0
ashwaniyash_|0
alokmani186|0
eerav_sam|0
preet_singhvi|0
divyansh_sood|0
karan_raj.29|0
jasbirsingh_1406|0
iamdevbhushan|0
ath_lobo|0
hrithik_muttin|0
anushhkaaaa_11|0
shreejee_sinha|0
dandyoo49|0
shwetha__sharath|0
akshatguptamac|0
brinda__e|0
hardikagrawal8|0
amogha.srinivas|0
utkarsh_0601|0
iam_rithwik_reddy|0
sonali._.234|0
_ajay_venkat_|0
madhu_sudhan.05|0
ashish_gurram|1
anaghaa0607|0
_msrit_confessions|0
aditi_roy_13|0
jai._.sharma2|1
a_l_i_s_h_a___s|0
divya_751|0
sharonjudithlobo|0
the_poetry_stand._|1
shantharam_s_p|0
ambika_01|0
bajpaiyashvardhann|0
sadhashivpanth|0
_bharath_lee|1
vaishnavvii_|0
anvita_vegesna|0
sankeerthana_20|1
janhavi_palkar|0
shhivamagrawal|0
lokesh_gautam_21|0
anand.patell|0
muslim_bale|1
nish._.28|0
diksha_arora03|0
jawadanjarath|0
sripada__|0
r_sumanth_|0
pranav_madduru|1
skp_creations_|1
gmsclicks|1
_singhshruti_|0
rahul_red_d23|0
rk.pavan_|0
ayyan.anees24|0
__deepakjoshi__|0
myy__words__|0
preru_m_|0
_hyperboli_|0
pallavi_d02|0
samay_singhal|0
adhyagr|0
abishek_gorka|1
rishabb4|0
tyagigopal|0
subhamjogani_|1
dutt___|0
_aman_av|0
_ananth_r_s|0
mittal_lakshay17|0
__mr._racer046|0
lakshan._.s._.patil|0
yash.nirwan|0
helloworldddheh|1
__mr__mishra__ji__|0
yashasthanaa|1
adilnaqvi_|1
shubhamjain25_|0
parth_priyadarshi_singh|0
ra.s.mi|0
aayush_agrwl06|0
harshitha_sl|0
ayyan_anees|1
reeshashenoyy|0
gaurav5785325899532256|0
nitha_sree|0
rijulmk|0
tejaswi_sidhanthi|0
this_is_bhaski_|0
rgb.rohan_gb|0
its_meshetty|0
khan_1832|0
akshatpathak1791|0
hana._.fathima|0
_mrinaliniramesh_|0
anusha.c_|1
abhay.01_|0
pavan_puneeth_k|0
harshit_raj_1222|0
saikrishna.313|0
niddyxogrl|0
nachiketh_v|1
mun.choholics|1
_riyasinghal9|1
rajaditya010|0
prateeksinghs|0
danishm_ahajan|0
_md_abbas_1_|0
_trashwarya_|-1
12pgp07|0
pridhi.mahajan|-1
prash._.g|0
25._.ananya._.04|0
_gupta_ankush_3|0
chandana973|0
aryan._.312|0
kuldeep.pancholi_|0
_zenijen_|0
thebiryanimubarak|1
prathik.achar_|0
gurtezsingh_|1
prekshit_2002|0
_itz_mini_me|1
__praveen_2001|0
himanshu123tiwari_83.83_|0
kishangamerz733|1
ashishpathak_13_|1
manish_official._|0
ll__sridhar.gowda__ll|0
in.the.matrixx|1
rohithebbi|0
arx0501|0
kv_guy|1
esha_var22|0
__nidhigowda__|0
ch.andu_01|0
surajmakaram9|0
preethi_.m._|0
harshit_sarraf|0
_.pragnyaaa._|0
sav_abishek|1
parth.malik_003|0
shreyaaaa108|0
__amrit__0026|0
ash_wath_4_7_2_9|0
satyamjha_04|0
ishusingh99|0
vatsal_ig|0
bg_00000|0
ps.__|0
varun7_3|1
5hrichandr9.k|0
youth_corona_rakshak|1
tejas_drolia|0
24_deepak._|0
_nr_15_|0
sonijewells|1
neh.axx|0
_.sudesh_patil|0
msr_speaks|1
hindu_bhog|1
_.captured._.moments|1
nands_07|0
jayant._.raj|-1
oldest._.monk|0
____maazi____|0
sairamcsr|0
imraushan103|0
aakashpothepalli|0
shree.a25|0
adil.naqvi.pvt|0
tk36rocker|0
siddharthsharma2406|0
shubhanshud9|0
rishav_rj_jain|1
__akkshat__|0
harshith_karmaran|0
_brinda.s_|0
aditya_kumar_129|0
adithya_manikarnike|0
_._kevin_francis_._|0
iram_sarwari|0
medha__narayan|0
kankshitha_md|0
amarmaktha|0
mehul_mathur16|0
rsinghal1221|0
arpitaaaahhh|0
hrithikm007|1
anushka.k._|0
deb_uwu_chand|0
ish.dubey|1
gi_rish6589|1
gnanashree_s_datta|0
pranavssrirampur|0
_gayatri_08|0
__sultan__20|0
kavanmusic|1
adithi_h|0
srikanth_dk|0
piyush___09____|0
ayushgupta9154|1
abhi.jeet.kr|0
aman_mittal._04|0
deekshakg|0
shreyas_katte|0
_.xbhi.jith._|0
h_imanshu_raj_0011|1
ajay__adavinavar|0
lavanspatil|0
emirate_newbel|1
kishangt001|1
purva_rajodiya_|0
gurudarshan_01|0
ishu.jaiz|1
saurrabhh.__|0
tanya._.mathias|0
soumya.s26|0
this_is_sethji|1
roo___725|0
yashdw|0
nandan_s_bharadwaj|0
kalyan_hasbi|1
sneh_sk17|0
mohammedzuber_momin|0
nikhil.mohan_|0
anand_shekhawat_21|0
_teju_shivakumar_|0
_zeal_3|0
_pooja_vaishnava_|0
ssharma.writes|1
jeevanshiverma_07|1
hansa_gowda|0
bhoomika__sridhar|0
dinesh__kumar26|0
aditya__rajpurohit_|0
shubhamkumar_rr|0
navnxxth|0
chandana.keerthy|0
srikar_chakravarthy1|0
ananyarao226|0
mayur.s.gowda|0
quanitishraf|0
khushisarangamath|0
baibhav_ganguly|0
shripadkini_jr|0
_sagar_shekar_|0
charu_____7|0
shivangisinhaha|0
vishalkgst|1
paramshourya|0
sammy_10_j|0
_ali_ester_|1
aniketgupta_08|0
abhishekjhahahaha|0
nagau_07|0
_xlatan_12|1
__hharshhhh|0
pranshu8069|1
merry_on_the_cake|1
rauva_ke_maloom_ba|1
__feel_of_life|1
nupurr_01|0
jagriti.sharma_15|0
where_is_bruce_|0
_sidh.artha_|1
saranya_perugupalli|0
who.piyushpandey|0
tharun_chappidi__01|0
_arpita__01_|-1
__.thenameisyash__|0
rishabh_0614|0
s__ravi_kumar|1
vr_manju|0
nanjunde_|0
kshitiz_24122|1
madhoshgowda|1
santosh__pai|0
_swasti__|0
charanth_anapur|0
shivthanki|0
sureliaparth|0
ron___21_12|0
_i_k_n_i_h_l_|0
tanmayee_penupati|0
saicharan_3k|1
s.m.shahin_taj|0
mehwishnajam15|0
vedant._.jalan|0
krishnathankii|1
roastcoaster|0
charanteja1702|1
kaid_yado_ki|1
ho._.lee._.sheet|0
jeevan_n_r|1
abhishekb.m|0
mind_flayer__0927|1
akash_s02|0
the_nova_22|0
benny_dharshan|0
h_i__devil|0
sanjana.kp|0
jiteshkamnani|0
naveen_renji|0
s__gyatso|0
trishi__reddy|0
nainikasaha|0
adityarnayak50|0
abhi.chand100|0
not.ur.homeboy|1
aryan_manakame|0
_mohammed_gehad_|0
the___freewheeler|0
_.guru_justin._|0
pranav_.__10._|0
___krishna__kant___|0
shreya_g1209|0
_surajknair|0
sadeed08|0
sushmitha_s.k|0
_adarshashok|0
v.i.n.i.t.a_8|0
singh_khushi23|0
s_k705033|0
raisatish7157|1
abhishekh14320|1
shivaajbhig|1
bholasingh4562|1
ankitprimegroup|1
utkarsh_rajj|0
gaurav_yadav_69303|0
anujkr_|0
dhaarak_goswami|0
im_singhanu_|0
sharmaji_sarthak|0
aditya._shekhar|1
___morkel___|0
pushkar._.aman|0
supradeep_reddy|0
amman.baheti|-1
utkarshanand_25|0
the_anjali_choudhury|0
nithya_bharadwaj_prasad|0
no.thisissankeyyydude|0
kushagraa._|0
defaulter.rj.22|0
_.jai._o9|0
sonuishaq67|0
_ath._krish|0
_theluggageplanetslg.in|1
prakruthi_21|0
vridhi.vk|0
sankalppp_|0
nabeeha_ayaz|0
ahana_bala|0
nageshh_36|0
supreeth_rao|0
sinchana896|0
rakesh_sangolli|0
suravi_1120|0
maima_nanaiah|0
_navya_.01|0
hj.harshit|0
mr_chandu_08|1
chinmayi.ch|0
akshata_aksh316|0
ghanashyamaprabhu|1
adithii_16|0
aish__kshetti|0
prerana_shedole|0
sharanyaashri__n|0
sushant_singh2407|0
_.tanyaa.__|0
namada_tamada|1
banarasichhora_official|1
rounitverma|0
par_initha|1
madhusiva_2211|0
deepanshu_s98|0
shriradha28|0
naughtyshawshank|0
nileshnandgadkar|0
madhur_tiwarii|0
chetri.sanjay12|1
pranavsgowda|0
prajwalsaya|1
thxnx_photo|1
asrilekha12|0
im_deepak.ch_|0
anti.node|0
ittor_shradha|0
riyamishra0112|0
deepak._.r|0
_haider_saifee|0
gorkashots|1
_.chaits._|0
rumit0900|0
_seema_nair_|0
chandraprakash_07|0
amrtanshu|0
devika_shet|1
gupna443|0
__aryanmehrotra|0
sudhanshu_sinha_|0
arpitasinha2510|0
_dharitri_|0
jinbapat|1
rebeka.s.a_8|0
_pon.nie_|0
_einzelgangerr_|0
durgeshmagar_07|1
riti_k002|1
divyyyam|1
shabd_siyahi|1
vinyk.sd|-1
_l.e.k.h.a|1
kushagra2001|0
_.shantanu9_|0
adarsh_the_guy|1
shubhammishra2505|1
hotelanandlokinn|1
gruhavana_official|1
abhinavupadhyay2501|0
sadguru_education_consultant|1
astik_akela|1
__manishapandey__|0
abhiii1223|0
dheekshithgowdaa|0
____vaish_______|0
znharuki|0
pranav0.0|0
saquib.0509|0
ankit_bargotra|0
ksaimadhav|0
avinash_kesti_|0
why_not_shreyasaa28|0
abhishek_rathod.369|0
jacks._.hut_|1
call_me_aashi20|0
ajey_kalagi|1
depa.maduri.kl|1
nasiribnibashir|1
kalyan_reddy_n|0
raghav____srinivas|0
ll____akshay_____ll|0
hrishikesh_10_choudhary|0
handloomarya|1
anand_s_267|0
nandita.nandakumar|0
samridhi_|0
prash_2205|0
shilpi_raghwani_official__|1
ishitaguptaji|0
namitha_ganesh|0
ajin_671|1
ji_bin_v|0
__harshith_a___|0
gopalr_krishna|0
_.c.h.a.v.a.n._|0
ujwal.2022|0
__p_r_a_v_i|0
sanketgomadi17|0
malnad_meme_bro|1
